city_jjk,print_date,pop1500,pop1600,pop1700,pop1800,rivers_10,DAnyRomRoad,Bcapital,Bcommune,university
AACHEN,NA,18,23,15,24,0,0.24595223367214203,0,1,0
AALBORG,NA,NA,6,4,6,0,620.6881103515625,0,0,0
AALST,1472,5,7,8,11,1,2.5109598636627197,0,0,0
AARHUS,NA,NA,5,3,4,0,542.60113525390625,0,0,0
ABBEVILLE,1486,NA,NA,15,18,0,12.083911895751953,0,1,0
ABERDEEN,NA,3,6,12,27,0,103.52072143554688,0,0,0
ABRANTES,NA,3,4,4,5,1,2.25430965423584,0,0,0
ACIREALE,NA,NA,8,12,15,0,0.02325955219566822,0,0,0
ACQUAVIVA,NA,3,6,7,6,0,4.22750186920166,0,0,0
ADERNO,NA,NA,6,5,7,0,0.08425626158714294,0,0,0
AGEN,NA,6,8,10,10,1,0.808300793170929,0,1,0
AGREDA,NA,NA,5,3,3,0,1.193873405456543,0,0,0
AGRIGENTO,NA,10,11,11,14,0,0.03812277317047119,0,0,0
AIDONE,NA,NA,7,6,4,0,13.329415321350098,0,0,0
AIRE,NA,5,5,6,6,0,0.18461261689662933,0,0,0
AIX,NA,13,18,27,21,0,0.19866925477981567,0,0,0
ALAEJOS,NA,NA,5,4,3,0,28.119810104370117,0,0,0
ALBA,NA,NA,4,4,4,0,3.573610305786133,0,0,0
ALBACETE,NA,NA,6,5,6,0,3.7576041221618652,0,0,0
ALBI,1470,8,7,10,10,1,11.842588424682617,0,1,0
ALBUQUERQUE,NA,NA,9,6,6,0,19.518033981323242,0,0,0
ALCALA-DE-HENARES,1500,8,13,3,5,0,0.5840781331062317,0,1,0
ALCALA-LA-REAL,NA,2,10,5,9,0,34.28232955932617,0,0,0
ALCAMO,NA,6,8,8,13,0,1.2234952449798584,0,0,0
ALCANIZ,NA,NA,3,3,6,0,45.3887825012207,0,0,0
ALCARAZ,NA,NA,6,2,8,0,18.776508331298828,0,0,0
ALCAZAR-DE-SAN-JUAN,NA,20,10,7,10,1,7.762917995452881,0,1,0
ALCIRA,NA,3,4,3,9,0,0.9102964401245117,0,0,0
ALCOY,NA,NA,5,4,16,0,28.480260848999023,0,0,0
ALESSANDRIA,NA,8,14,12,30,0,2.8832147121429443,0,1,0
ALFARO,NA,NA,6,4,4,1,2.6190450191497803,0,0,0
ALICANTE,NA,3,11,12,13,0,0.3319774270057678,0,1,0
ALKMAAR,NA,5,12,12,8,0,55.66039276123047,0,0,0
ALMAGRO,NA,NA,9,7,9,0,9.547924041748047,0,0,0
ALMERIA,NA,25,7,10,7,0,0.7307568788528442,0,0,0
ALMODOVAR,NA,NA,6,3,4,0,7.175830841064453,0,0,0
ALTAMURA,NA,6,12,14,18,0,5.349791049957275,0,0,0
ALTENBURG,NA,3,4,6,9,0,221.87921142578125,0,0,0
ALTONA,NA,2,6,12,23,1,312.0463562011719,0,0,0
ALTSTAETTEN,NA,1,1,3,6,1,0.14929157495498657,0,0,0
AMALFI,NA,2,NA,2,5,0,12.01064682006836,0,0,0
AMBERG,NA,4,4,4,6,0,50.7180290222168,0,0,0
AMBOISE,NA,5,6,6,5,1,5.89804220199585,0,0,0
AMERSFOORT,NA,7,7,7,9,0,18.598968505859375,0,0,0
AMIENS,NA,20,25,35,40,0,0.6493581533432007,0,1,0
AMSTERDAM,NA,15,54,200,217,0,31.694334030151367,0,0,0
ANCONA,NA,NA,10,9,17,0,0.44693902134895325,0,0,0
ANDRIA,NA,5,14,7,14,0,2.8698933124542236,0,0,0
ANDUJAR,NA,NA,14,8,10,1,0.39030805230140686,0,0,0
ANGERS,1474,13,26,29,32,1,0.7189500331878662,0,0,0
ANGOULEME,1490,5,6,8,15,0,1.8770052194595337,0,1,0
ANKLAM,NA,4,5,2,4,0,502.50567626953125,0,0,0
ANNABERG,NA,4,6,3,7,0,33.5498161315918,0,0,0
ANNECY,NA,2,4,5,5,0,0.0903250202536583,0,0,0
ANTEQUERA,NA,10,20,22,15,0,1.0072485208511353,0,0,0
ANTWERPEN,1481,37,49,67,62,1,15.256958961486816,0,1,0
APT,NA,2,4,5,5,0,0.569015383720398,0,0,0
AQUILA,1471,10,9,7,14,0,6.564924716949463,0,1,0
ARACENA,NA,NA,10,5,10,0,18.07180404663086,0,0,0
ARANDA-DE-DUERO,NA,NA,6,3,4,1,1.7459162473678589,0,0,0
ARBOGA,NA,2,2,3,1,0,1029.0560302734375,0,0,0
ARCOS-DE-LA-FRONTERA,NA,12,4,4,12,0,0.7489617466926575,0,1,0
ARENDAL,NA,NA,1,1,2,0,710.357666015625,0,0,0
AREVALO,NA,NA,4,4,3,0,38.866798400878906,0,0,0
AREZZO,NA,6,7,6,8,0,0.11094027012586594,0,1,1
ARIANOIRPINO,NA,4,8,9,10,0,2.3028416633605957,0,0,0
ARJONA,NA,4,10,2,3,0,3.733586072921753,0,1,0
ARLES,NA,10,16,23,17,1,0.4024588465690613,0,0,0
ARLON,NA,2,2,3,3,0,0.21788625419139862,0,0,0
ARMAGH,NA,2,5,7,7,0,200.4759979248047,0,0,0
ARNHEM,NA,6,7,6,10,1,2.7304532527923584,0,0,0
ARRAS,NA,12,15,17,19,0,0.7119544148445129,0,0,0
ASARO,NA,NA,5,3,4,0,6.460986137390137,0,0,0
ASSISI,NA,4,4,5,4,0,10.907047271728516,0,0,0
ASTI,NA,8,10,10,21,0,0.807502806186676,0,1,0
ASTORGA,NA,7,3,2,3,0,4.781376361846924,0,0,0
ATH,NA,5,4,3,8,0,7.047480583190918,0,0,0
AUCH,NA,NA,5,6,10,0,1.1354238986968994,0,1,0
AUGSBURG,1468,34,42,26,30,0,0.5956429839134216,0,1,0
AUGUSTA,NA,3,4,6,15,0,6.773832321166992,0,0,0
AURILLAC,NA,NA,8,8,9,0,2.049189805984497,0,0,0
AUTUN,NA,5,4,4,9,0,3.002040147781372,0,0,0
AUXERRE,1480,NA,NA,NA,12,1,1.6818337440490723,0,1,0
AVEIRO,NA,4,5,5,4,0,15.03926944732666,0,0,0
AVELLINO,NA,NA,3,8,11,0,0.9281690120697021,0,0,0
AVERSA,NA,9,8,10,14,0,1.8331761360168457,0,0,0
AVIGNON,1495,18,21,23,19,1,0.745090126991272,0,0,1
AVILA,NA,10,12,5,4,0,65.68033599853516,0,1,0
AVOLA,NA,NA,4,6,7,0,0.46746525168418884,0,0,0
AZUAGA,NA,NA,6,2,3,0,2.1316163539886475,0,0,0
BADAJOZ,NA,11,14,8,10,1,4.027531623840332,0,0,0
BADALONA,NA,NA,1,1,3,0,0.7190482020378113,0,0,0
BADHERSFELD,NA,NA,6,4,5,0,77.3106460571289,0,0,0
BADISCHL,NA,NA,1,2,5,0,3.9462547302246094,0,0,0
BADKREUZNACH,NA,NA,4,2,5,0,0.34647583961486816,0,0,0
BAENA,NA,14,10,12,9,0,4.015748500823975,0,0,0
BAEZA,NA,14,26,7,10,1,3.457772731781006,0,1,0
BAGNERES-DE-BIGORRE,NA,2,3,4,5,0,0.998153567314148,0,0,0
BAMBERG,1460,7,12,10,17,1,89.70555877685547,0,0,0
BARBASTRO,NA,2,4,3,7,0,14.099491119384766,0,1,0
BARCELONA,1468,20,32,34,100,0,0.16933666169643402,1,1,0
BARI,NA,8,15,18,17,0,0.2440665066242218,0,0,0
BARLETTA,NA,8,14,15,16,1,0.11269433051347733,0,0,0
BARMEN,NA,NA,1,5,13,0,21.62542724609375,0,0,0
BARRAFRANCA,NA,NA,2,3,6,0,4.989435195922852,0,0,0
BASEL,1465,10,11,15,15,1,1.0930713415145874,0,1,0
BASSANO,NA,3,7,8,10,1,3.962423801422119,0,0,0
BASTIA,NA,NA,1,3,11,0,18.58110809326172,0,0,0
BATH,NA,3,2,3,33,0,1.3422237634658813,0,0,0
BAUTZEN,NA,5,5,4,11,0,286.34051513671875,0,0,0
BAYEUX,NA,NA,6,7,10,0,0.6594525575637817,0,0,0
BAYONNE,NA,10,10,10,12,0,1.6781905889511108,0,1,0
BAYREUTH,NA,2,2,4,10,1,107.95626068115234,0,0,0
BEAUVAIS,NA,10,12,12,13,0,0.3262994587421417,0,1,0
BECERRIL,NA,NA,5,2,3,0,22.02995491027832,0,0,0
BEJA,NA,6,7,7,6,0,1.2326475381851196,0,0,0
BEJAR,NA,NA,5,1,4,0,7.132021427154541,0,0,0
BELFAST,NA,2,2,2,20,0,153.7013702392578,0,0,0
BELFORT,NA,1,2,3,4,0,2.3381853103637695,0,0,0
BELLUNO,NA,NA,5,4,7,0,3.814164638519287,0,0,0
BELPASSO,NA,NA,3,3,5,0,5.626705169677734,0,0,0
BENEVENTO,NA,NA,7,8,14,0,0.11967716366052628,0,1,0
BERGAMO,NA,18,24,25,24,0,0.1524369865655899,0,1,0
BERGEN,NA,7,8,10,17,0,661.0430908203125,0,0,0
BERLIN,NA,9,10,55,172,0,389.3157043457031,0,1,0
BERN,NA,3,6,8,11,0,1.082076907157898,0,1,0
BERNBURG,NA,3,4,4,5,0,250.79702758789062,0,0,0
BESANCON,1486,9,12,12,30,1,0.10109464824199677,0,1,0
BEZIERS,NA,6,10,13,15,0,0.5000223517417908,0,1,0
BIBERACH,NA,3,3,3,5,0,16.700172424316406,0,0,0
BIELEFELD,NA,2,3,3,6,0,139.47999572753906,0,0,0
BINCHE,NA,3,3,4,4,0,3.359323501586914,0,0,0
BINGEN,NA,NA,2,3,5,1,0.5211708545684814,0,0,0
BIRMINGHAM,NA,1,2,7,71,0,0.6818168759346008,0,0,0
BISACQUINO,NA,3,4,4,8,0,12.51634693145752,0,0,0
BISCEGLIE,NA,3,10,6,11,0,0.15589196979999542,0,0,0
BITONTO,NA,6,12,13,15,0,0.129108265042305,0,0,0
BIVONA,NA,4,6,4,2,0,3.3279566764831543,0,0,0
BLACKBURN,NA,NA,2,1,12,0,0.41442033648490906,0,0,0
BLOIS,NA,5,8,10,11,1,3.434939384460449,0,0,0
BOCHUM,NA,1,2,2,5,0,35.88425064086914,0,0,0
BODMIN,NA,2,2,2,2,0,72.54845428466797,0,0,0
BOLOGNA,1462,50,63,63,68,0,0.4562278389930725,0,1,1
BONN,NA,NA,4,7,11,1,0.12407803535461426,0,1,0
BORDEAUX,NA,50,40,45,96,1,3.0002174377441406,0,1,0
BORNA,NA,1,2,2,3,0,236.85374450683594,0,0,0
BOSTON,NA,2,2,4,6,0,17.767536163330078,0,0,0
BOULOGNE,NA,2,3,4,11,0,0.08836933225393295,0,0,0
BOURG-EN-BRESSE,NA,5,5,6,7,0,12.558089256286621,0,0,0
BOURGES,NA,32,18,14,15,0,0.16684110462665558,0,0,0
BRAGA,1479,4,10,13,16,0,0.17809174954891205,0,0,0
BRANDENBURG,NA,NA,7,7,12,0,335.7230529785156,0,1,0
BRAUNSCHWEIG,NA,18,16,17,30,0,235.65682983398438,0,1,0
BREMEN,NA,18,21,27,36,1,221.2219696044922,0,1,0
BRESCIA,1458,40,28,22,27,0,0.613065242767334,0,1,0
BREST,NA,1,3,15,26,0,2.1957526206970215,0,0,0
BRIGNOLES,NA,2,4,5,5,0,0.24364466965198517,0,0,0
BRINDISI,NA,4,9,8,6,0,0.6079519987106323,0,0,0
BRISTOL,NA,10,12,20,64,0,2.771364450454712,0,1,0
BRNO,1483,15,15,10,16,0,102.35213470458984,0,1,0
BRONTE,NA,NA,7,9,9,0,13.632442474365234,0,0,0
BROZAS,NA,NA,8,4,5,0,0.688149094581604,0,0,0
BRUCHSAL,NA,1,1,1,5,0,0.6990859508514404,0,0,0
BRUGGE,1473,60,27,35,31,0,2.696605682373047,0,1,0
BRUXELLES,1473,33,50,80,66,0,7.957576274871826,0,1,0
BUENDIA,NA,NA,5,2,2,1,41.07707595825195,0,0,0
BURGIO,NA,NA,4,4,6,0,12.809226989746094,0,0,0
BURGOS,1471,8,11,10,10,0,1.361059308052063,0,1,0
BURY-ST-EDMUNDS,NA,3,4,6,8,0,5.495779991149902,0,0,0
BUSCA,NA,NA,5,6,7,1,0.5956841111183167,0,0,0
CABRA,NA,4,10,6,8,0,1.1175940036773682,0,1,0
CACCAMO,NA,6,9,7,6,0,6.699955940246582,0,0,0
CACERES,NA,8,8,5,8,0,0.82722407579422,0,0,0
CADIZ,NA,2,5,40,70,0,0.4218961298465729,0,1,0
CAEN,1480,25,25,35,35,0,0.5099182724952698,0,0,0
CAGLIARI,1493,4,8,15,25,0,0.12866590917110443,0,0,0
CALAHORRA,NA,NA,5,4,5,1,1.2873269319534302,0,0,0
CALASCIBETTA,NA,4,5,4,5,0,2.0790371894836426,0,0,0
CALATAFIMI,NA,4,5,6,10,0,5.289997100830078,0,0,0
CALATAYUD,NA,5,5,3,9,0,0.8108776211738586,0,0,0
CALTABELLOTTA,NA,3,4,4,5,0,8.482337951660156,0,0,0
CALTAGIRONE,NA,8,11,12,20,0,6.638461112976074,0,0,0
CALTANISSETA,NA,7,10,12,16,0,13.048541069030762,0,0,0
CALTAVUTURO,NA,2,3,5,4,0,0.05188211053609848,0,0,0
CAMBRAI,NA,11,12,12,15,1,1.1322946548461914,0,0,0
CAMBRIDGE,NA,4,5,9,10,0,1.130078911781311,0,1,1
CAMERINO,NA,7,5,4,5,0,22.388031005859375,0,0,0
CAMMARATA,NA,5,8,7,8,0,13.26250171661377,0,0,0
CAMPO-DE-CRIPTANA,NA,NA,7,4,4,1,13.578750610351562,0,0,0
CAMPO-MAIOR,NA,3,4,4,4,0,3.5484254360198975,0,0,0
CANICATTI,NA,NA,3,7,16,0,0.9088774919509888,0,0,0
CANTERBURY,NA,3,6,8,9,0,0.08602214604616165,0,0,0
CAPUA,1489,NA,5,6,7,0,0.20404565334320068,0,0,0
CARCASSONNE,NA,8,9,11,15,0,0.7633942365646362,0,1,0
CARINI,NA,NA,3,4,7,0,0.1751367151737213,0,0,0
CARLISLE,NA,1,2,2,9,0,0.6787914633750916,0,0,0
CARMONA,NA,7,8,8,12,0,1.3145071268081665,0,1,0
CARPENTRAS,NA,3,4,5,8,0,14.364563941955566,0,0,0
CARRICKFERGUS,NA,2,4,5,8,0,142.193603515625,0,0,0
CARTAGENA,NA,4,5,12,25,0,0.1769503653049469,0,0,0
CASALE,1481,NA,NA,NA,16,1,7.834897041320801,0,0,0
CASALMAGGIORE,1486,NA,NA,NA,5,1,0.1547219604253769,0,0,0
CASTELBUONO,NA,NA,5,7,7,0,9.1602325439453125,0,0,0
CASTELLAMAREDELGOLFO,NA,NA,1,2,6,0,1.1971321105957031,0,0,0
CASTELLON-DE-LA-PLANA,NA,7,3,4,13,0,6.878439903259277,0,0,0
CASTELO-BRANCO,NA,4,4,5,5,0,0.7166000008583069,0,0,0
CASTELO-DE-VIDE,NA,4,6,7,7,0,20.43970489501953,0,0,0
CASTELVETRANO,NA,7,11,12,14,0,5.886452674865723,0,0,0
CASTRONUOVODISICILIA,NA,4,5,3,6,0,10.365833282470703,0,0,0
CASTROREALE,NA,NA,10,11,11,0,6.276051044464111,0,0,0
CATANIA,NA,14,15,18,45,0,0.037727199494838715,0,0,0
CATANZARO,NA,7,10,11,13,0,4.957715034484863,0,0,0
CAVAILLON,NA,3,4,5,6,1,0.07861533015966415,0,0,0
CAZORLA,NA,NA,11,4,5,0,10.6548433303833,0,0,0
CEFALU,NA,3,5,7,9,0,0.2828858494758606,0,0,0
CELLE,NA,1,3,3,4,0,257.7084045410156,0,0,0
CERVERA,NA,4,2,2,5,0,13.038886070251465,0,0,0
CESENA,1495,7,7,6,7,0,0.34158164262771606,0,0,0
CHALON-SUR-SAONE,NA,8,7,6,11,1,2.1161532402038574,0,1,0
CHALONS-SUR-MARNE,1493,8,10,11,11,1,0.5825619697570801,0,0,0
CHAMBERY,1482,2,2,10,10,0,0.8904738426208496,0,0,0
CHARTRES,1482,8,10,12,16,0,1.6328239440917969,0,1,0
CHATEAUDUN,NA,10,7,5,6,0,0.20704349875450134,0,0,0
CHATHAM,NA,NA,1,5,22,0,0.2541423439979553,0,0,0
CHAVES,1489,NA,NA,NA,5,0,1.0653738975524902,0,0,0
CHELTENHAM,NA,NA,1,2,3,1,8.262917518615723,0,0,0
CHESTER,NA,5,6,5,15,0,0.018269991502165794,0,0,0
CHIARAMONTEGULFI,NA,3,5,5,7,0,1.3842055797576904,0,0,0
CHICHESTER,NA,2,3,3,5,0,0.5283847451210022,0,0,0
CHIETI,NA,NA,10,9,13,0,0.21518221497535706,0,0,0
CHINCHON,NA,NA,5,3,4,0,14.153532981872559,0,0,0
CHINON,NA,6,6,6,5,1,10.178692817687988,0,0,0
CHIOGGIA,NA,7,9,16,24,1,12.749539375305176,0,1,0
CHIUSASCLAFANI,NA,3,5,5,6,0,13.401204109191895,0,0,0
CHIVASSO,1486,NA,NA,NA,23,1,1.3109060525894165,0,0,0
CIEMPOZUELOS,NA,NA,4,2,2,0,7.012858986854553e-4,0,0,0
CIMINNA,NA,5,6,7,6,0,13.570892333984375,0,0,0
CIUDAD-REAL,NA,6,10,3,8,1,12.602397918701172,0,0,0
CIUDAD-RODRIGO,NA,5,10,17,1,0,58.978939056396484,0,1,0
CIVITAVECCHIA,NA,NA,3,3,7,0,0.18272842466831207,0,0,0
CLAUSTHAL-ZELLERFELD,NA,NA,3,5,4,0,185.62559509277344,0,0,0
CLERMONT-FERRAND,NA,3,8,12,24,1,0.22387351095676422,0,0,0
CLUNY,1492,NA,NA,NA,5,0,34.46218490600586,0,0,0
COBURG,NA,3,2,4,8,0,130.5543975830078,0,0,0
COIMBRA,NA,6,10,11,15,0,2.3475475311279297,0,1,1
COLCHESTER,NA,5,8,10,12,0,0.4908067584037781,0,0,0
COLMAR,NA,8,8,8,11,0,1.8861632347106934,0,1,0
COLMENAR-DE-OREJA,NA,NA,7,3,5,1,15.438570022583008,0,0,0
COLMENAR-VIEJO,NA,NA,8,3,3,0,5.556092262268066,0,0,0
COMISO,NA,NA,5,5,11,0,3.5153427124023438,0,0,0
COMO,1474,10,12,13,15,0,0.1085229441523552,0,1,0
CONEGLIANO,NA,NA,5,NA,4,0,7.648378372192383,0,0,0
CONSTANTINA,NA,NA,5,3,7,0,2.25538969039917,0,0,0
CONSUEGRA,NA,NA,7,6,3,0,0.5855839848518372,0,0,0
CONVERSANO,NA,6,6,7,8,0,0.7345162034034729,0,0,0
CORATO,NA,3,7,8,10,0,1.3408935070037842,0,0,0
CORDOBA,NA,35,31,31,40,1,0.8170822858810425,0,0,0
CORK,NA,4,2,25,75,0,282.6357421875,0,1,0
CORLEONE,NA,5,6,3,12,0,4.564476490020752,0,0,0
CORRAL,NA,NA,7,2,3,0,11.55920696258545,0,0,0
CORTONA,NA,5,5,3,5,0,10.334741592407227,0,0,0
COSENZA,1478,NA,NA,NA,10,0,0.6880909204483032,0,0,0
COTTBUS,NA,2,3,3,6,0,342.03692626953125,0,0,0
COULOMMIERS,NA,NA,4,3,3,0,2.1867377758026123,0,0,0
COVENTRY,NA,6,6,7,16,0,10.76079273223877,0,1,0
COVILHA,NA,4,4,5,7,0,8.462154388427734,0,0,0
CREMA,NA,12,14,7,9,0,0.6296509504318237,0,1,0
CREMONA,1472,40,36,22,23,1,0.28380754590034485,0,1,0
CREVILLENTE,NA,NA,2,2,7,0,6.596266269683838,0,0,0
CUENCA,NA,13,15,7,6,0,26.219499588012695,0,1,0
CUNEO,NA,7,10,12,18,0,6.831897258758545,0,0,0
DAIMIEL,NA,NA,9,5,9,0,24.74036407470703,0,0,0
DARMSTADT,NA,NA,2,2,9,0,6.573260307312012,0,0,0
DEINZE,NA,NA,2,2,3,0,12.598819732666016,0,0,0
DELFT,1474,12,20,18,17,0,9.563211441040039,0,0,0
DENDERMONDE,NA,5,5,5,5,1,6.334512710571289,0,0,0
DESSAU,NA,2,4,5,10,1,280.748779296875,0,0,0
DEVENTER,1474,7,7,7,8,1,36.94514083862305,0,1,0
DIE,NA,2,2,2,4,0,0.7909641861915588,0,0,0
DIEPPE,NA,20,30,8,17,0,14.643184661865234,0,0,0
DIEST,NA,5,4,3,6,0,19.910831451416016,0,0,0
DIJON,1491,24,24,34,19,0,1.2563568353652954,0,1,0
DINAN,NA,NA,6,10,7,0,2.128063917160034,0,0,0
DINANT,NA,6,5,5,4,1,4.511102199554443,0,0,0
DINKELSBUEHL,NA,3,4,4,5,0,8.3118896484375,0,0,0
DOEBELN,NA,2,2,2,4,0,245.75587463378906,0,0,0
DOLE,1490,NA,5,5,9,1,2.9978866577148438,0,0,0
DON-BENITO,NA,NA,8,10,13,1,6.251603603363037,0,0,0
DORDRECHT,NA,10,18,22,18,1,3.9575142860412598,0,1,0
DORNBIRN,NA,NA,1,2,5,1,0.5240001082420349,0,0,0
DORTMUND,NA,8,7,3,5,0,53.20001220703125,0,0,0
DOUAI,NA,10,12,13,18,0,10.252853393554688,0,1,0
DOVER,NA,2,3,4,11,0,0.31580662727355957,0,0,0
DOWNPATRICK,NA,4,4,5,5,0,141.05067443847656,0,0,0
DRAGUIGNAN,NA,2,4,5,8,0,0.11454396694898605,0,0,0
DRESDEN,NA,5,12,40,60,1,254.22711181640625,0,1,0
DREUX,NA,8,5,5,5,0,3.9187021255493164,0,0,0
DROGHEDA,NA,5,8,12,18,0,163.7906494140625,0,0,0
DUBLIN,NA,8,5,60,200,0,149.9438018798828,1,1,0
DUEREN,NA,3,4,2,5,0,0.7734791040420532,0,0,0
DUESSELDORF,NA,2,5,9,20,1,5.448907375335693,0,0,0
DUNDEE,NA,4,7,10,26,0,23.588016510009766,0,0,0
DUNKERQUE,NA,7,10,13,21,0,23.555740356445312,0,0,0
DURHAM,NA,3,2,1,8,0,2.472074031829834,0,0,0
ECIJA,NA,17,23,11,28,0,0.4325307309627533,0,1,0
EDAM,NA,4,5,5,4,0,48.15285110473633,0,0,0
EDINBURGH,NA,18,15,36,83,0,7.826455116271973,1,0,0
EEKLOO,NA,2,4,3,6,0,14.55510139465332,0,0,0
EICHSTAETT,1480,NA,NA,4,6,0,1.7951525449752808,0,0,0
EINBECK,NA,7,4,5,5,0,170.6943817138672,0,0,0
EISENACH,NA,4,5,7,8,1,118.79588317871094,0,0,0
EISLEBEN,NA,9,8,5,5,0,223.21322631835938,0,0,0
ELBERFELD,NA,NA,2,5,19,0,21.443557739257812,0,0,0
ELCHE,NA,NA,6,7,17,0,0.9697695970535278,0,1,0
ELVAS,NA,9,NA,NA,13,1,4.957221031188965,0,0,0
EMDEN,NA,5,15,10,10,0,177.1094970703125,0,0,0
EMMERICH,NA,NA,5,5,6,1,2.1986660957336426,0,0,0
ENGHIEN,NA,5,5,5,3,1,0.8730277419090271,0,0,0
ENKHUIZEN,NA,4,20,17,7,0,73.71015930175781,0,0,0
ENNA,NA,13,14,9,11,0,0.149430051445961,0,0,0
ERFURT,1473,19,19,17,17,0,163.11868286132812,0,1,0
ERLANGEN,NA,NA,1,2,9,0,57.525020599365234,0,0,0
ESSEN,NA,3,3,3,2,0,21.732847213745117,0,0,0
ESSLINGEN,1472,7,5,7,7,0,1.44266676902771,0,0,0
ESTEPA,NA,NA,12,7,7,0,0.23220011591911316,0,0,0
ESTREMOZ,NA,4,5,7,7,0,0.7137161493301392,0,0,0
EVERGEM,NA,NA,3,4,7,1,24.21929931640625,0,0,0
EVORA,NA,13,13,12,12,0,1.3114486932754517,0,1,0
EXETER,NA,7,9,14,17,0,0.040193427354097366,0,0,0
FAENZA,1475,13,15,11,15,0,0.7443303465843201,0,1,0
FARO,1487,4,6,5,7,0,0.5045807957649231,0,0,0
FAVARA,NA,NA,3,5,8,0,0.04627005755901337,0,0,0
FERRARA,1471,38,33,27,30,1,9.27922248840332,0,1,0
FIRENZE,1456,55,76,72,81,0,0.05482032150030136,1,1,0
FLENSBURG,NA,3,6,7,13,0,390.2765197753906,0,0,0
FOGGIA,NA,NA,6,8,13,0,2.6078789234161377,0,0,0
FOLIGNO,1470,NA,6,6,7,0,0.2654882073402405,0,0,0
FORCHHEIM,NA,NA,3,3,3,0,72.57550811767578,0,0,0
FORLI,1473,12,11,12,16,0,0.633851945400238,0,1,0
FOSSANO,NA,NA,10,11,14,0,7.666702747344971,0,0,0
FOUGERES,NA,4,4,4,7,0,6.496176719665527,0,0,0
FRANKENBERG,NA,1,2,3,5,0,221.46998596191406,0,0,0
FRANKENTHAL,NA,NA,5,4,3,1,3.4079113006591797,0,0,0
FRANKFURTAMMAIN,NA,12,20,28,48,1,0.24814359843730927,0,1,0
FRANKFURTANDERODER,NA,11,13,9,13,1,407.72528076171875,0,1,0
FREIBERG,1495,8,12,8,10,0,229.12046813964844,0,1,0
FREIBURG,1483,6,10,5,9,0,5.488687038421631,0,1,0
FREISING,1487,NA,NA,NA,3,0,0.3642464280128479,0,0,0
FRIBOURG,NA,5,5,5,5,0,11.432981491088867,0,0,0
FUENTE-DEL-MAESTRE,NA,NA,5,1,4,0,4.34694766998291,0,0,0
FUENTE-EL-SAUCO,NA,NA,4,1,2,0,15.883538246154785,0,0,0
FUERTH,NA,NA,1,5,12,0,44.953670501708984,0,0,0
FULDA,NA,NA,5,6,8,0,58.39107131958008,0,0,0
GAETA,1484,7,10,11,13,0,0.9260863661766052,0,0,0
GAEVLE,NA,1,3,3,5,0,1184.7703857421875,0,0,0
GALWAY,NA,4,4,6,15,0,333.6347351074219,0,0,0
GANDIA,NA,NA,3,1,6,0,2.2982969284057617,0,0,0
GANGI,NA,2,3,4,9,0,19.382848739624023,0,0,0
GAP,NA,7,6,5,9,1,0.11562590301036835,0,0,0
GEERAARDSBERGEN,NA,5,5,4,6,0,2.941256284713745,0,0,0
GELA,NA,NA,6,5,9,0,0.2955944538116455,0,0,0
GENEVE,1478,12,16,18,25,1,1.2175487279891968,0,1,0
GENOVA,1471,62,63,65,90,0,0.9379450678825378,1,1,0
GENT,1483,55,31,52,55,1,17.98885726928711,0,1,0
GERA,NA,NA,2,4,7,0,208.55477905273438,0,0,0
GERONA,1483,6,5,4,14,0,0.7374464869499207,0,1,0
GETAFE,NA,NA,6,3,3,0,2.1352405548095703,0,0,0
GIBELLINA,NA,NA,2,4,5,0,6.848630428314209,0,0,0
GIJON,NA,NA,5,4,5,0,0.9359846711158752,0,0,0
GIOVINAZZO,NA,9,9,8,5,0,0.671092689037323,0,0,0
GIVRY,NA,1,1,0,2,1,1.8483766317367554,0,0,0
GLASGOW,NA,4,8,13,70,0,10.945737838745117,0,0,0
GLAUCHAU,NA,1,2,3,4,0,203.67352294921875,0,0,0
GLOUCESTER,NA,4,4,5,8,1,1.6122105121612549,0,0,0
GOEPPINGEN,NA,NA,2,3,4,0,0.14978262782096863,0,0,0
GOERLITZ,NA,11,10,5,9,0,302.0709228515625,0,0,0
GOETEBORG,NA,1,2,5,13,0,745.02032470703125,0,0,0
GOETTINGEN,NA,7,7,4,9,0,144.8921356201172,0,0,0
GORINCHEM,NA,4,5,5,5,1,8.650456428527832,0,0,0
GORIZIA,NA,NA,5,10,10,0,2.2975552082061768,0,0,0
GOSLAR,NA,12,8,7,5,0,198.8986358642578,0,1,0
GOTHA,NA,3,4,7,12,0,141.0653533935547,0,1,0
GOUDA,1477,11,14,17,12,0,7.239579200744629,0,0,0
GRAMMICHELE,NA,NA,1,2,8,0,14.538320541381836,0,0,0
GRANADA,1483,70,69,70,70,0,42.82645797729492,1,0,0
GRAVINA,NA,10,12,7,8,0,0.14107200503349304,0,0,0
GRAZ,NA,5,8,22,31,1,0.06286348402500153,0,0,0
GREAT-YARMOUTH,NA,4,8,10,17,0,24.06362533569336,0,0,0
GREIFSWALD,NA,6,5,5,6,0,509.8039245605469,0,0,0
GRENOBLE,1485,2,12,20,20,0,1.1118675470352173,0,1,0
GRIMMA,NA,2,2,3,4,0,251.52159118652344,0,0,0
GRIMSBY,NA,NA,1,1,2,0,15.824877738952637,0,0,0
GRONINGEN,NA,14,19,19,24,0,146.13119506835938,0,1,0
GROSSENHAIN,NA,2,2,3,5,1,273.03033447265625,0,0,0
GUADALAJARA,1476,4,10,3,16,0,3.405441999435425,0,1,0
GUBBIO,NA,NA,4,4,4,0,9.4759368896484375,0,0,0
GUERANDE,NA,4,5,6,8,0,0.8581118583679199,0,0,0
GUESTROW,NA,NA,2,3,7,0,438.70849609375,0,0,0
GUILDFORD,NA,NA,1,1,3,0,6.946700572967529,0,0,0
GUIMARAES,NA,7,7,7,7,0,15.320183753967285,0,0,0
GUINGAMP,NA,4,4,5,5,0,0.43338462710380554,0,0,0
HAARLEM,1483,12,39,37,22,0,28.114744186401367,0,1,0
HAELSINGBORG,NA,1,1,2,2,0,628.64166259765625,0,0,0
HAGUENAU,1474,6,5,3,7,0,1.9222896099090576,0,0,0
HALBERSTADT,NA,8,12,10,12,0,223.50778198242188,0,1,0
HALESOWEN,NA,1,1,2,4,0,4.755982875823975,0,0,0
HALLE,NA,8,10,5,20,0,246.1897430419922,0,1,0
HAMBURG,1490,15,40,70,130,1,315.1510314941406,0,1,0
HAMELN,NA,NA,2,2,5,1,190.5475311279297,0,0,0
HAMILTON,NA,3,NA,NA,7,0,3.2118477821350098,0,0,0
HANAU,NA,1,2,2,12,1,1.8640258312225342,0,0,0
HANNOVER,NA,6,7,11,17,0,225.35159301757812,0,1,0
HARDERWIJK,NA,4,4,4,4,0,44.15578079223633,0,0,0
HASSELT,1480,NA,5,6,6,0,13.636364936828613,0,0,0
HAZEBROUCK,NA,3,4,4,4,0,4.274182319641113,0,0,0
HEIDELBERG,1472,8,6,9,11,0,0.549598217010498,0,1,0
HEILBRONN,NA,6,6,6,6,0,0.45968207716941833,0,0,0
HELSINGOR,NA,NA,5,4,5,0,623.01153564453125,0,0,0
HEREFORD,NA,5,4,2,7,0,3.271726608276367,0,0,0
HESDIN,NA,8,7,5,3,0,13.543035507202148,0,0,0
HILDESHEIM,NA,10,9,10,11,0,205.95578002929688,0,1,0
HOF,NA,NA,3,4,5,0,145.567626953125,0,0,0
HONDSCHOOTE,NA,12,4,4,4,0,13.595956802368164,0,0,0
HOORN,NA,6,12,13,10,0,62.540164947509766,0,0,0
HORNACHOS,NA,NA,5,3,3,0,29.124204635620117,0,0,0
HUELVA,NA,NA,5,4,5,0,3.8154280185699463,0,0,0
HUESCA,NA,7,5,4,7,0,3.1970503330230713,0,1,0
HUETE,1483,NA,7,3,3,0,16.905881881713867,0,0,0
HULL,NA,3,5,6,30,0,13.455194473266602,0,0,0
HUSUM,NA,4,7,4,4,0,347.8948059082031,0,0,0
HUY,NA,5,7,6,5,1,6.302036285400391,0,0,0
HYERES,NA,2,3,4,7,0,31.708768844604492,0,0,0
IENA,NA,4,4,4,4,0,197.62229919433594,0,0,0
IEPER,NA,10,5,12,12,0,1.8057080507278442,0,1,0
IESI,1472,6,5,5,5,0,15.769194602966309,0,0,0
IMOLA,NA,5,6,6,8,0,1.2064701318740845,0,0,0
INCA,NA,5,5,2,4,0,193.14639282226562,0,0,0
INGOLSTADT,1471,4,6,7,5,1,5.005752086639404,0,0,0
INNSBRUCK,NA,4,6,7,12,1,2.7716774940490723,0,1,0
INVERNESS,NA,5,7,8,15,1,119.58702850341797,0,0,0
IPSWICH,NA,3,4,8,11,0,3.8323402404785156,0,0,0
ISERLOHN,NA,2,2,2,5,0,59.80503845214844,0,0,0
JACA,NA,NA,1,2,3,0,19.292442321777344,0,0,0
JAEN,NA,23,28,18,27,0,0.9753991365432739,0,1,0
JATIVA,NA,9,11,2,10,0,1.7680238485336304,0,1,0
JAVEA,NA,NA,2,2,3,0,0.41150912642478943,0,0,0
JEREZ-DE-LA-FRONTERA,NA,10,33,30,35,0,3.7937822341918945,0,1,0
JEREZ-DE-LOS-CABALLEROS,NA,NA,10,5,7,0,31.527067184448242,0,0,0
JOENKOEPING,NA,1,1,3,3,0,830.40850830078125,0,0,0
JOIGNY,NA,NA,7,5,5,1,1.6844664812088013,0,0,0
KAISERSLAUTERN,NA,NA,2,1,3,0,1.6172873973846436,0,0,0
KALMAR,NA,2,2,2,3,0,843.2969970703125,0,0,0
KAMPEN,NA,7,7,7,6,1,66.2520980834961,0,1,0
KARL-MARX-STADT,NA,3,5,4,14,0,210.84527587890625,0,0,0
KASSEL,NA,5,6,10,18,0,108.24954223632812,0,0,0
KEMPTEN,NA,4,5,4,3,0,1.634979486465454,0,0,0
KIEL,NA,2,3,4,7,0,378.36578369140625,0,0,0
KILKENNY,NA,4,5,7,16,0,215.75132751464844,0,1,0
KING'SLYNN,NA,4,8,5,10,0,15.066778182983398,0,1,0
KIRKCALDY,NA,3,4,5,7,0,21.173809051513672,0,0,0
KLAGENFURT,NA,1,4,5,10,1,1.768823504447937,0,0,0
KLEVE,NA,4,4,3,6,1,5.914200305938721,0,0,0
KOBENHAVN,1490,10,40,65,101,0,594.04119873046875,0,1,0
KOELN,1452,45,40,40,41,1,0.5391797423362732,0,1,0
KOETHEN,NA,NA,2,3,5,0,260.650146484375,0,0,0
KONSTANZ,NA,5,5,4,4,1,1.2507643699645996,0,0,0
KORTRIJK,NA,6,10,11,14,0,0.44400081038475037,0,0,0
KREFELD,NA,NA,1,1,11,1,5.026028633117676,0,0,0
KREMPE,NA,NA,5,4,1,0,311.12603759765625,0,0,0
KREMS,NA,NA,4,4,4,1,0.584010124206543,0,0,0
KUTNAHORA,NA,9,10,12,5,1,172.65672302246094,0,0,0
LACORUNA,NA,3,3,5,15,0,0.6009973883628845,0,1,0
LAGOS,NA,6,6,3,7,0,10.401567459106445,0,0,0
LAHR,NA,2,3,3,5,1,2.026038885116577,0,0,0
LANCIANO,NA,NA,10,11,12,0,0.5179183483123779,0,0,0
LANDAU,NA,2,2,2,6,0,0.282394140958786,0,0,0
LANDSHUT,NA,9,8,8,7,0,2.609915256500244,0,0,0
LANDSKRONA,NA,2,1,2,4,0,620.7191162109375,0,0,0
LANGENSALZA,NA,5,4,5,5,0,145.70985412597656,0,0,0
LAON,NA,10,8,5,7,0,4.765936851501465,0,1,0
LAROCHELLE,NA,12,23,14,19,0,21.765838623046875,0,1,0
LAUINGEN,1467,3,6,6,4,0,244.8795623779297,0,0,0
LAUSANNE,1493,6,6,6,6,1,0.15673565864562988,0,0,0
LECCE,NA,15,30,13,16,0,0.13112527132034302,0,0,0
LECTOURE,NA,4,5,5,6,0,1.3986643552780151,0,0,0
LEEDS,NA,3,5,5,53,0,0.3577759861946106,0,0,0
LEER,NA,NA,4,4,5,1,174.77305603027344,0,0,0
LEEUWARDEN,NA,4,11,15,16,0,136.44422912597656,0,0,0
LEHAVRE,NA,NA,4,18,16,0,3.698521614074707,0,0,0
LEICESTER,NA,3,4,5,17,0,0.09496697783470154,0,0,0
LEIDEN,1483,14,44,65,31,0,3.573551654815674,0,1,0
LEIPZIG,1474,10,17,20,30,0,259.8598327636719,0,1,0
LEIRIA,1492,3,4,4,NA,0,3.4308996200561523,0,0,0
LEMANS,NA,11,14,17,18,0,1.4558274745941162,0,1,0
LENTINI,NA,6,7,5,5,0,0.20395639538764954,0,0,0
LEON,NA,5,4,3,6,0,5.692185401916504,1,1,0
LEONFORTE,NA,NA,1,5,10,0,0.8376229405403137,0,0,0
LEPUY,NA,6,8,10,12,0,0.12724678218364716,0,1,0
LERIDA,1479,4,2,2,11,1,0.6337502002716064,0,1,1
LEUVEN,1473,19,9,14,19,0,2.3586583137512207,0,1,0
LICATA,NA,4,6,9,11,0,0.1017594113945961,0,0,0
LICODIAEUBEA,NA,NA,4,5,7,0,12.157259941101074,0,0,0
LIEGE,1499,20,30,45,55,1,4.603870868682861,0,1,0
LIER,NA,5,5,5,10,0,8.54426383972168,0,1,0
LILLE,NA,26,33,60,56,0,0.8448056578636169,0,1,0
LILLO,NA,NA,5,1,3,0,0.4012918770313263,0,0,0
LIMERICK,NA,3,3,11,39,1,303.6237487792969,0,1,0
LIMOGES,1495,4,4,5,21,1,2.6965010166168213,0,1,0
LINCOLN,NA,4,3,4,7,0,0.8021793961524963,0,0,0
LINKOEPING,NA,1,1,2,3,0,939.727783203125,0,0,0
LINZ,NA,3,3,8,17,1,2.3065500259399414,0,1,0
LIPPSTADT,NA,3,3,2,3,0,115.05256652832031,0,0,0
LISBOA,1487,65,130,180,195,0,0.3419860005378723,1,1,1
LIVERPOOL,NA,1,2,6,83,0,11.360660552978516,0,0,0
LIVORNO,NA,1,3,23,53,0,11.163305282592773,0,0,0
LLERENA,NA,NA,10,6,5,0,3.282588481903076,0,1,0
LOCHES,NA,4,4,4,4,0,4.246325969696045,0,0,0
LODEVE,NA,4,5,6,8,0,0.7383817434310913,0,0,0
LODI,NA,8,10,15,12,0,1.1820299625396729,0,1,0
LOGRONO,1500,NA,5,5,7,1,1.9194871187210083,0,0,0
LOJA,NA,NA,7,8,13,0,36.57093048095703,0,0,0
LOKEREN,NA,8,9,11,12,1,12.708633422851562,0,0,0
LONDON,1476,50,200,575,948,1,1.2754483222961426,1,1,0
LONDONDERRY,NA,3,1,3,15,0,222.1320343017578,0,0,0
LORCA,NA,7,10,11,22,0,1.8923572301864624,0,1,0
LOUGHBOROUGH,NA,NA,2,2,5,0,9.1357879638671875,0,0,0
LOULE,NA,2,3,5,7,0,1.4668078422546387,0,0,0
LOURDES,NA,1,1,2,2,0,0.026766955852508545,0,0,0
LUCCA,1477,23,24,22,17,0,1.057356595993042,0,1,0
LUCENA,NA,2,15,18,18,0,1.718029499053955,0,0,0
LUEBECK,1471,25,23,23,25,0,372.2903747558594,0,1,0
LUENEBURG,1490,10,14,11,10,0,316.1410217285156,0,1,0
LUGANO,NA,3,3,3,4,0,17.1309757232666,0,0,0
LUND,NA,2,1,2,3,0,624.74774169921875,0,0,0
LUTON,NA,NA,2,2,3,0,3.6417760848999023,0,0,0
LUZERN,NA,3,4,4,4,0,1.3452675342559814,0,0,0
LYON,1465,50,35,97,109,1,0.5574612617492676,0,0,0
MAASTRICHT,NA,10,18,13,18,1,0.12343714386224747,0,0,0
MACERATA,NA,6,6,8,12,0,20.616300582885742,0,1,0
MACON,1493,3,3,3,10,1,20.066503524780273,0,0,0
MADRID,NA,13,65,140,168,0,3.30151629447937,0,1,0
MAGDEBURG,1475,18,40,10,36,1,269.5884704589844,0,1,0
MAIDSTONE,NA,2,3,4,8,0,1.0307414531707764,0,0,0
MAINZ,1450,6,13,24,28,1,0.6574500799179077,0,1,0
MALAGA,NA,30,16,30,49,0,0.021074730902910233,0,0,0
MALMOE,NA,5,5,6,5,0,608.6873779296875,0,0,0
MANCHESTER,NA,6,10,8,84,0,0.22438232600688934,0,0,0
MANNHEIM,NA,NA,1,13,23,1,3.732731819152832,0,0,0
MANOSQUE,NA,2,4,5,5,1,7.550013542175293,0,0,0
MANSFIELD,NA,NA,1,1,6,0,14.612985610961914,0,0,0
MANTUA,1472,25,30,22,25,1,0.6096192002296448,0,1,0
MARCHENA,NA,NA,10,10,10,0,6.339986324310303,0,0,0
MARIENBERG,1492,3,5,4,3,0,197.3636474609375,0,0,0
MARINEO,NA,NA,2,3,7,0,8.710981369018555,0,0,0
MARSALA,NA,6,9,14,16,0,0.1579214334487915,0,0,0
MARSEILLE,NA,45,45,90,101,0,0.2813628613948822,0,1,0
MARSILLARGUES,NA,1,2,2,3,0,5.811915874481201,0,0,0
MARTIGNY,NA,3,3,3,3,1,0.3235337436199188,0,0,0
MARTINAFRANCA,NA,5,9,8,12,0,8.268394470214844,0,0,0
MASSA,NA,5,5,5,3,0,3.052584171295166,0,0,0
MATARO,NA,NA,1,5,10,0,0.9175738096237183,0,0,0
MATELICA,1473,NA,NA,5,2,0,19.578779220581055,0,0,0
MATERA,NA,10,15,14,12,0,8.326105117797852,0,0,0
MAYENNE,NA,2,5,8,7,0,3.013050079345703,0,0,0
MAZZARA,NA,4,7,7,8,0,5.785722732543945,0,0,0
MAZZARINO,NA,4,6,8,11,0,0.7744139432907104,0,0,0
MECHELEN,NA,25,11,20,20,0,1.3956940174102783,0,0,0
MECKLENBURG,NA,9,7,5,1,0,411.31689453125,0,0,0
MEDEMBLIK,NA,NA,3,3,2,0,76.76265716552734,0,0,0
MEDINA-DE-RIO-SECO,NA,16,12,7,5,0,14.582188606262207,0,0,0
MEDINA-DEL-CAMPO,NA,21,9,4,3,0,33.36110305786133,0,0,0
MEININGEN,NA,2,5,3,4,1,109.00196075439453,0,0,0
MEISSEN,1481,2,3,4,5,1,258.8351135253906,0,0,0
MELFI,NA,NA,10,9,8,1,2.4544825553894043,0,0,0
MELILLI,NA,NA,5,6,4,0,4.20427942276001,0,0,0
MEMBRILLA,NA,NA,4,2,3,0,14.441189765930176,0,0,0
MEMMINGEN,1478,5,6,3,7,0,2.2271687984466553,0,0,0
MENEN,NA,2,2,3,5,0,4.9433393478393555,0,0,0
MERIDA,NA,10,6,5,5,1,0.12796403467655182,0,1,0
MERSEBURG,1470,5,5,4,6,0,240.5640869140625,0,0,0
MESSINA,1474,25,50,40,35,0,0.24879838526248932,0,0,0
METTMANN,NA,3,4,4,5,0,11.612396240234375,0,0,0
METZ,1480,15,20,19,46,1,0.12145674228668213,0,1,0
MIDDELBURG,NA,7,20,28,20,0,26.69239044189453,0,1,0
MILANO,1470,89,107,113,122,0,0.02069701813161373,1,1,0
MILAZZO,NA,5,5,6,6,0,0.21423202753067017,0,0,0
MILITELLOINVALDICATANIA,NA,NA,6,6,7,0,12.121265411376953,0,0,0
MINDEN,NA,4,4,3,5,1,174.69830322265625,0,0,0
MINEO,NA,7,7,5,8,0,8.835040092468262,0,0,0
MISILMERI,NA,NA,1,2,6,0,7.122650623321533,0,0,0
MISTRETTA,NA,4,6,7,11,0,9.295417785644531,0,0,0
MITTWEIDA,NA,3,3,4,3,0,228.26708984375,0,0,0
MODENA,1473,18,21,19,23,0,0.39115142822265625,0,1,1
MODICA,NA,10,16,19,17,0,9.6251068115234375,0,0,0
MOLFETTA,NA,NA,5,8,12,0,0.03911234810948372,0,0,0
MONDEJAR,NA,NA,4,1,3,0,27.916109085083008,0,0,0
MONDONEDO,1500,NA,NA,NA,6,0,43.36701202392578,0,0,0
MONDOVI,1455,NA,11,10,10,0,7.188347816467285,0,0,0
MONNIKENDAM,NA,4,3,3,2,0,42.937252044677734,0,0,0
MONOPOLI,NA,5,12,10,15,0,0.46175050735473633,0,0,0
MONREALE,NA,4,7,6,8,0,3.1289424896240234,0,0,0
MONS,NA,15,16,14,18,0,2.2720162868499756,0,1,0
MONSELICE,NA,3,4,4,5,0,0.7743029594421387,0,0,0
MONT-DE-MARSAN,NA,1,2,2,5,0,9.888327598571777,0,0,0
MONTALBANODIELICONA,NA,NA,2,5,4,0,11.723297119140625,0,0,0
MONTAUBAN,NA,10,14,17,24,1,1.4920631647109985,0,1,0
MONTBRISON,NA,3,4,4,5,0,1.0784800052642822,0,0,0
MONTEDISAN-GIULIANO,NA,6,7,7,6,0,0.6917986273765564,0,0,0
MONTEMAGGIORE,NA,NA,1,2,6,1,0.294866681098938,0,0,0
MONTEMOR-O-NOVO,NA,4,4,5,NA,0,19.348873138427734,0,0,0
MONTEPULCIANO,NA,4,3,2,3,0,10.635765075683594,0,0,0
MONTHEY,NA,0,0,0,1,1,1.5176070928573608,0,0,0
MONTPELLIER,NA,6,15,23,33,0,1.695934772491455,0,1,1
MONZA,NA,10,12,7,10,0,5.905686855316162,0,0,0
MORELLA,NA,2,3,2,6,0,26.451501846313477,0,0,0
MORLAIX,NA,5,7,7,8,0,1.1186810731887817,0,0,0
MORON-DE-LA-FRONTERA,NA,NA,10,8,8,0,16.68376922607422,0,0,0
MOUSTIERS,NA,0,0,0,2,0,10.568267822265625,0,0,0
MUELHEIMANDERRUHR,NA,2,2,5,10,0,13.454607963562012,0,0,0
MUENCHEN,1482,13,20,20,40,0,3.5402486324310303,0,1,0
MUENSTER,1485,10,11,7,14,1,81.76476287841797,0,1,0
MULHOUSE,NA,8,8,7,7,0,12.33214282989502,0,0,0
MURCIA,1486,25,17,26,40,0,7.485844612121582,0,1,0
MUSSOMELI,NA,NA,5,5,9,0,21.142906188964844,0,0,0
NAARDEN,NA,4,4,3,2,0,27.047719955444336,0,0,0
NAJERA,NA,NA,5,1,2,0,2.483306646347046,0,0,0
NAMUR,NA,8,9,12,15,1,0.23743075132369995,0,1,0
NANCY,NA,1,11,14,29,1,19.280305862426758,0,0,0
NANTES,1493,14,25,40,77,1,0.19183669984340668,0,0,0
NAPOLI,1470,125,275,300,430,0,0.39996257424354553,1,0,1
NARBONNE,1488,2,5,8,9,0,0.9097793102264404,0,1,0
NARDO,NA,5,7,7,8,0,0.6538690328598022,0,0,0
NARO,NA,5,6,8,11,0,1.1340092420578003,0,0,0
NAUMBURG,NA,5,8,7,8,0,219.7881622314453,0,0,0
NEURUPPIN,NA,4,4,3,6,0,386.6502685546875,0,0,0
NEUSS,NA,5,4,4,5,1,0.838034451007843,0,0,0
NEWARK,NA,NA,3,2,7,1,0.31894734501838684,0,0,0
NEWBURY,NA,3,3,2,4,0,1.2927556037902832,0,0,0
NEWCASTLE-UNDER-LYME,NA,NA,1,1,5,1,6.100634574890137,0,0,0
NEWCASTLE-UPON-TYNE,NA,5,10,14,33,0,1.0578824281692505,0,1,0
NEWPORT,NA,NA,2,2,4,0,5.031182765960693,0,0,0
NEWRY,NA,5,7,10,15,0,183.0237274169922,0,0,0
NICE,NA,12,16,15,23,0,0.642704427242279,0,1,0
NICOSIA,NA,16,15,10,12,0,11.484328269958496,0,0,0
NIEUWPOORT,NA,6,5,3,3,0,15.927741050720215,0,0,0
NIJMEGEN,1479,12,12,11,13,1,1.4160815477371216,0,1,0
NIMES,NA,6,13,17,41,0,0.15231280028820038,0,1,0
NIVELLES,NA,6,5,5,7,0,11.40222454071045,0,0,0
NOERDLINGEN,NA,6,8,5,6,0,7.101687908172607,0,1,0
NOLA,NA,NA,1,3,8,0,1.3081687688827515,0,0,0
NORCIA,NA,5,4,3,4,0,0.4142826795578003,0,0,0
NORDHAUSEN,NA,6,7,8,8,0,179.98956298828125,0,0,0
NORRKOEPING,NA,1,3,6,9,1,976.933837890625,0,0,0
NORTHAMPTON,NA,3,4,4,7,0,2.6945607662200928,0,0,0
NORWICH,NA,10,20,30,37,0,6.694398880004883,0,0,0
NOTO,NA,5,6,7,11,0,4.162570953369141,0,0,0
NOTTINGHAM,NA,3,4,5,29,1,9.949865341186523,0,0,0
NOVARA,NA,7,8,9,12,0,0.2103920429944992,0,1,0
NOVELDA,NA,NA,3,4,7,0,1.1247974634170532,0,0,0
NOVI,1484,NA,NA,NA,6,0,3.06208872795105,0,0,0
NOYON,NA,4,5,5,6,0,1.221092700958252,0,0,0
NUERNBERG,1465,38,40,40,30,0,44.73988342285156,0,1,0
OBERNAI,NA,3,4,4,5,0,10.92751407623291,0,0,0
OCANA,NA,9,15,3,5,0,0.7603680491447449,0,1,0
ODENSE,1482,NA,5,4,6,0,480.86279296875,0,0,0
OEREBRO,NA,1,1,2,3,0,996.33795166015625,0,0,0
OLDENBURG,NA,2,2,3,6,0,197.62554931640625,0,0,0
OLIVENZA,NA,5,6,7,8,0,17.603116989135742,0,0,0
OLOMOUC,1499,12,11,11,9,1,159.8873291015625,0,1,0
OLOT,NA,NA,1,3,15,0,34.04833221435547,0,0,0
OOSTENDE,NA,3,5,7,10,0,14.57131576538086,0,0,0
OPPENHEIM,1499,5,5,1,2,1,0.8052539229393005,0,0,0
ORENSE,1500,5,4,3,4,1,18.841638565063477,0,0,0
ORIHUELA,NA,7,10,8,19,0,18.87921905517578,0,0,0
ORLEANS,1490,50,40,32,48,1,0.38668468594551086,0,1,1
ORVIETO,NA,8,7,6,7,1,1.3579432964324951,0,1,0
OSLO,NA,2,3,4,10,0,878.32391357421875,1,0,0
OSNABRUECK,NA,10,9,6,9,0,125.63319396972656,0,1,0
OSUNA,NA,NA,12,13,14,0,2.272113084793091,0,0,0
OUDENAARDE,1480,7,7,4,5,1,3.6005749702453613,0,0,0
OVIEDO,NA,2,9,4,9,0,1.5675113201141357,0,0,0
OXFORD,1472,5,5,8,12,1,4.579516887664795,0,0,1
PADERBORN,NA,5,5,4,5,0,143.1671905517578,0,0,0
PADOVA,1465,29,33,37,33,0,0.39291995763778687,0,1,1
PAISLEY,NA,NA,4,6,25,0,22.129865646362305,0,0,0
PALAZZOADRIANO,NA,NA,2,3,5,0,6.025580406188965,0,0,0
PALAZZOLOACREIDE,NA,4,6,6,9,0,0.19649122655391693,0,0,0
PALENCIA,NA,14,15,4,10,0,18.91399383544922,0,1,1
PALERMO,1478,55,105,100,139,0,0.7231191992759705,1,0,0
PALMA,NA,15,23,26,29,0,202.5792999267578,0,1,0
PAMIERS,NA,3,4,4,5,1,32.15144348144531,0,0,0
PAMPLONA,1489,8,11,11,14,0,1.1152726411819458,1,1,0
PARCHIM,NA,3,5,2,4,0,391.2395324707031,0,0,0
PAREDES-DE-NAVA,NA,NA,5,2,4,0,22.922945022583008,0,0,0
PARIS,1453,225,300,500,550,1,1.359505295753479,1,1,1
PARMA,1471,18,33,35,33,0,0.0946635976433754,0,1,0
PARTANNA,NA,3,5,7,11,0,12.505247116088867,0,0,0
PASSAU,1475,4,6,7,10,1,1.022912621498108,0,0,0
PASTRANA,NA,NA,8,3,3,1,32.05286407470703,0,0,0
PATERNO,NA,6,4,7,9,0,0.05258988216519356,0,0,0
PATTI,NA,5,6,3,7,0,1.3727478981018066,0,0,0
PAVIA,1471,16,18,22,23,1,0.15864264965057373,0,1,0
PEGO,NA,NA,1,2,5,0,6.42981481552124,0,0,0
PENARANDA,NA,NA,4,3,NA,0,27.168228149414062,0,0,0
PERIGUEUX,1498,8,7,6,6,0,1.8242971897125244,0,0,0
PERPIGNAN,1500,7,8,10,13,0,2.5114264488220215,0,1,0
PERTH,NA,9,5,8,15,0,4.76646089553833,0,0,0
PERUGIA,1471,12,10,16,15,1,0.6501626372337341,0,1,0
PESARO,NA,NA,6,7,10,0,1.1644207239151,0,0,0
PETRALIASOPRANA,NA,3,4,3,5,0,12.356904983520508,0,0,0
PETRALIASOTTANA,NA,4,7,7,6,0,11.525727272033691,0,0,0
PFORZHEIM,1489,NA,4,2,5,0,0.08258122950792313,0,0,0
PIACENZA,1475,26,31,31,28,1,0.3415689468383789,0,1,1
PIANA,NA,NA,3,4,5,0,1.5655097961425781,0,0,0
PIAZZAARMERINA,NA,12,16,14,12,0,8.268033027648926,0,0,0
PIETRAPERZIA,NA,NA,2,4,8,0,7.127427101135254,0,0,0
PIRNA,NA,1,2,2,4,1,250.081298828125,0,0,0
PISA,1478,10,13,11,23,0,0.29561808705329895,0,1,0
PISTOIA,NA,5,8,8,9,0,0.08338765799999237,0,0,0
PLASENCIA,NA,25,9,5,7,0,11.232258796691895,0,1,0
PLAUEN,NA,1,2,3,6,0,165.47410583496094,0,0,0
PLOERMEL,NA,NA,5,5,5,0,16.210119247436523,0,0,0
PLYMOUTH,NA,3,7,8,16,0,34.934852600097656,0,0,0
PLZEN,1476,12,10,8,6,0,110.01358032226562,0,0,0
POGGIBONSI,NA,3,3,2,1,0,30.953094482421875,0,0,0
POITIERS,1475,20,20,18,20,0,0.06212601065635681,0,1,0
POLIZZIGENEROSA,NA,7,6,5,4,0,5.534143924713135,0,0,0
PONTEVEDRA,NA,NA,8,6,4,0,0.36808210611343384,0,0,0
POPERINGE,NA,4,4,3,8,0,2.9293158054351807,0,0,0
PORCUNA,NA,NA,6,2,4,0,0.5812210440635681,0,0,0
PORTALEGRE,NA,6,6,5,7,0,11.282942771911621,0,0,0
PORTICI,1490,NA,NA,NA,5,0,0.4595387876033783,0,0,0
PORTO,1496,14,14,25,43,1,0.4358079135417938,0,1,0
PORTSMOUTH,NA,3,1,3,33,0,6.406705856323242,0,1,0
POTSDAM,NA,1,1,2,27,0,363.0546569824219,0,0,0
PRAHA,1480,70,110,48,76,1,179.05307006835938,1,1,0
PRATO,NA,7,7,7,8,0,3.9690001010894775,0,1,0
PRENZLAU,NA,NA,1,4,10,0,468.53472900390625,0,1,0
PRIZZI,NA,2,2,4,7,0,0.24039845168590546,0,0,0
PROVINS,1483,15,10,5,5,0,12.054908752441406,0,1,0
PUERTO-DE-SANTA-MARIA,NA,7,4,9,17,0,7.37471866607666,0,0,0
PUERTOLLANO,NA,1,1,1,3,0,6.813508033752441,0,0,0
PUIGCERDA,NA,4,2,1,2,1,75.71488952636719,0,0,0
PUTIGNANO,NA,NA,7,7,10,0,11.256108283996582,0,0,0
QUEDLINBURG,NA,5,6,7,11,0,219.64047241210938,0,1,0
QUIMPER,NA,NA,5,6,7,0,1.7778942584991455,0,0,0
RACALMUTO,NA,3,4,4,8,0,6.825021266937256,0,0,0
RAFFADALI,NA,NA,3,3,5,0,4.585168361663818,0,0,0
RAGUSA,NA,6,8,10,17,0,0.5986842513084412,0,0,0
RANDAZZO,NA,6,7,6,4,0,26.177263259887695,0,0,0
RAVENNA,NA,8,14,14,10,0,0.03154069557785988,0,1,0
RAVENSBURG,NA,5,5,4,3,0,25.44011878967285,0,0,0
READING,NA,4,5,5,10,1,8.700739860534668,0,0,0
REGALBUTO,NA,NA,4,4,6,0,0.038747575134038925,0,0,0
REGENSBURG,1485,22,20,20,23,1,0.5456044673919678,0,1,0
REGGIONELL'EMILIA,NA,9,11,16,18,0,0.53631591796875,0,1,1
REICHENBACH,NA,NA,1,3,4,0,179.75491333007812,0,0,0
REIMS,NA,12,16,25,30,0,0.026573119685053825,0,1,0
RENDSBURG,NA,1,2,3,8,0,357.0325622558594,0,0,0
RENNES,1480,13,33,30,25,0,0.07954924553632736,0,0,0
REUS,NA,2,2,2,15,0,7.505953788757324,0,1,0
REUTLINGEN,1476,5,5,6,8,0,12.114139556884766,0,0,0
RHEYDT,NA,NA,1,2,3,0,11.700499534606934,0,0,0
RIBE,NA,3,5,2,2,0,417.7248229980469,0,0,0
RIETI,NA,7,7,7,9,0,0.07002339512109756,0,0,0
RIMINI,NA,10,8,7,15,0,0.08753868192434311,0,0,0
ROCHESTER,NA,2,3,3,7,1,4.737729549407959,0,0,0
ROCHLITZ,NA,3,2,1,2,0,232.27963256835938,0,0,0
RODEZ,NA,4,4,5,6,0,4.862880706787109,0,0,0
ROERMOND,NA,7,NA,3,4,1,5.822537422180176,0,0,0
ROMA,1465,55,100,135,153,1,1.406762719154358,1,1,1
ROMANS,NA,5,5,6,6,0,0.24614110589027405,0,0,0
RONDA,NA,7,8,10,15,0,3.069927930831909,0,0,0
RONSE,NA,2,4,5,9,1,4.23939847946167,0,0,0
ROSKILDE,NA,NA,8,2,2,0,570.1826171875,0,0,0
ROSTOCK,1472,10,15,9,14,0,459.78961181640625,0,1,0
ROTHENBURGOBDERTAUBER,NA,6,6,5,6,0,41.74385070800781,0,0,0
ROTHERHAM,NA,3,2,1,8,0,0.6468241810798645,0,0,0
ROTTENBURGAMNECKAR,NA,4,3,3,5,0,0.35610049962997437,0,0,0
ROTTERDAM,NA,5,19,51,53,1,8.57199478149414,0,0,0
ROUBAIX,NA,2,4,5,8,0,1.9005588293075562,0,0,0
ROUEN,1477,40,70,50,80,1,1.2192479372024536,0,1,0
ROVIGO,NA,2,4,5,6,1,15.368659019470215,0,0,0
RUVO,NA,NA,6,6,6,0,0.15194344520568848,0,0,0
SABADELL,NA,NA,1,1,5,0,0.5301977396011353,0,0,0
SAINT-MAURICE,NA,0,0,0,0,1,0.3299557566642761,0,0,0
SALAMANCA,1462,12,25,12,9,0,12.669258117675781,0,1,1
SALEMI,NA,5,7,6,12,0,0.6531795859336853,0,0,0
SALERNO,NA,5,11,8,10,0,0.7831568717956543,0,0,1
SALINS-LES-BAINS,1483,NA,5,6,8,0,12.00852108001709,0,0,0
SALISBURY,NA,8,6,7,8,0,2.552926540374756,0,0,0
SALON-DE-PROVENCE,NA,2,3,4,5,0,2.3480944633483887,0,0,0
SALUZZO,1481,NA,NA,NA,10,1,0.5454450845718384,0,1,0
SALZBURG,NA,7,9,13,16,0,1.8582581281661987,0,0,0
SALZWEDEL,NA,NA,7,4,4,0,313.1041259765625,0,0,0
SAMBUCADISICILIA,NA,NA,6,5,9,0,14.635014533996582,0,0,0
SAN-CLEMENTE,NA,NA,8,2,5,0,4.754942893981934,0,0,0
SAN-FILIPPODIMELA,NA,8,11,6,6,0,3.9497690200805664,0,0,0
SAN-GIMIGNANO,NA,4,4,3,4,0,29.028488159179688,0,0,0
SAN-LUCAR-DE-BARRAMEDA,NA,NA,4,6,15,0,15.931357383728027,0,0,0
SAN-SEBASTIAN,NA,NA,1,4,10,0,44.5085563659668,0,1,0
SAN-SEVERO,NA,6,9,11,16,0,5.560892581939697,0,0,0
SANT'ANGELODIBROLO,NA,NA,4,5,4,0,6.482118129730225,0,0,0
SANTANDER,NA,1,4,2,15,0,18.470653533935547,0,1,0
SANTAREM,NA,10,10,10,9,1,2.0078847408294678,0,1,0
SANTIAGO,1483,5,5,8,25,0,0.010002810508012772,0,1,0
SASSARI,NA,13,14,14,18,0,2.801823616027832,0,0,0
SAUMUR,NA,NA,10,10,10,1,1.0781387090682983,0,0,0
SAVIGLIANO,1473,5,9,10,15,1,13.881318092346191,0,0,0
SAVONA,1474,NA,11,7,8,0,1.6809929609298706,0,1,0
SCARBOROUGH,NA,NA,2,4,6,0,21.806386947631836,0,0,0
SCHAFFHAUSEN,NA,4,5,6,7,1,10.356152534484863,0,0,0
SCHIEDAM,1493,4,5,7,9,1,3.8332438468933105,0,0,0
SCHLESWIG,1486,NA,NA,NA,8,0,371.7500305175781,0,0,0
SCHNEEBERG,NA,6,6,6,7,0,180.49557495117188,0,0,0
SCHOONHOVEN,1487,3,2,3,2,1,14.185434341430664,0,0,0
SCHORNDORF,NA,3,5,2,3,0,2.2810866832733154,0,0,0
SCHWAEBISCHHALL,NA,6,6,5,7,0,20.43471908569336,0,0,0
SCHWAZ,NA,17,9,8,4,1,2.586129903793335,0,0,0
SCHWEINFURT,NA,4,5,5,6,1,80.10758972167969,0,0,0
SCIACCA,NA,7,9,8,11,0,0.2523898780345917,0,0,0
SCICLI,NA,6,11,9,10,0,6.123702049255371,0,0,0
SEDAN,NA,2,4,6,13,1,10.409743309020996,0,0,0
SEGOVIA,1472,14,21,7,10,0,13.641402244567871,0,0,0
SELESTAT,NA,5,6,6,8,0,6.7034687995910645,0,0,0
SENS,NA,4,5,6,9,1,0.9525978565216064,0,0,0
SERPA,NA,3,4,5,5,1,2.2765438556671143,0,0,0
SETUBAL,NA,6,8,11,15,0,0.6045202016830444,0,0,0
SEU D'URGELL,NA,0,1,1,2,1,87.17389678955078,0,0,0
SEVILLA,1471,45,135,72,96,1,2.517894744873047,0,1,1
SEZZE,NA,7,7,6,6,0,0.19400635361671448,0,0,0
SGRAVENHAGUE,NA,7,15,30,39,0,1.705438256263733,0,0,0
SHEFFIELD,NA,3,3,3,46,0,1.496979832649231,0,0,0
SHERTOGENBOSCH,NA,16,13,10,13,1,9.492499351501465,0,0,0
SHREWSBURY,NA,4,6,7,15,1,0.3421442210674286,0,1,0
SICULIANA,NA,NA,1,3,5,0,0.15935616195201874,0,0,0
SIEGEN,NA,3,3,4,4,0,62.88356399536133,0,0,0
SIENA,1476,22,19,16,17,0,36.189537048339844,1,1,0
SILVES,NA,3,3,2,2,0,1.583751916885376,0,0,0
SINIGAGLIA,NA,NA,3,5,6,0,3.5637409687042236,0,0,0
SION,NA,1,2,2,2,1,1.7524596452713013,0,0,0
SIRACUSA,NA,10,12,17,16,0,0.619426965713501,0,0,0
SISTERON,NA,4,5,5,3,1,0.030743131414055824,0,0,0
SOEST,NA,10,10,5,6,0,95.9571762084961,0,1,0
SOIGNIES,NA,3,3,4,4,0,6.864974498748779,0,0,0
SOISSONS,NA,5,6,7,8,0,0.007004478480666876,0,0,0
SOLOTHURN,NA,3,4,4,4,0,0.5547496676445007,0,0,0
SORIA,NA,5,6,4,5,1,1.4358283281326294,0,0,0
SORTINO,NA,4,7,6,7,0,11.359773635864258,0,0,0
SOUTHAMPTON,NA,3,4,3,8,0,2.0190768241882324,0,0,0
SPACCAFURNO,NA,NA,4,8,8,0,2.0095791816711426,0,0,0
SPEYER,1467,13,8,2,5,1,0.42539697885513306,0,1,0
SPOLETO,NA,12,8,4,6,0,0.2656935155391693,0,1,0
ST-ALBANS,1479,5,5,4,3,0,0.13866665959358215,0,0,0
ST-ANDREWS,NA,4,14,9,3,0,38.759700775146484,0,0,0
ST-BRIEUC,NA,NA,5,6,7,0,2.6323060989379883,0,0,0
ST-ETIENNE,NA,3,9,15,18,0,1.0420565605163574,0,0,0
ST-FLOUR,NA,3,4,4,5,0,1.8269760608673096,0,0,0
ST-GALLEN,NA,5,5,6,6,0,9.068544387817383,0,0,0
ST-MALO,NA,4,11,25,14,0,1.2471805810928345,0,0,0
ST-NIKLAAS,NA,NA,2,6,11,1,17.338294982910156,0,0,0
ST-OMER,NA,11,8,15,22,0,6.567246437072754,0,1,0
ST-PETERPORT,NA,NA,2,5,8,0,71.77976989746094,0,0,0
ST-TRUIDEN,NA,4,5,5,7,0,0.22783403098583221,0,0,0
STAFFORD,NA,NA,1,2,4,1,11.057746887207031,0,0,0
STEENVOORDE,NA,NA,15,11,3,0,0.6124754548072815,0,0,0
STENDAL,1487,6,5,3,5,1,318.2462158203125,0,0,0
STEYR,NA,6,9,6,8,0,13.589179039001465,0,0,0
STOCKHOLM,1483,7,9,40,76,0,1111.0809326171875,0,0,0
STOCKPORT,NA,NA,1,2,20,0,1.6721981763839722,0,0,0
STRALSUND,NA,11,15,10,11,0,516.92474365234375,0,1,0
STRASBOURG,1458,20,25,25,49,1,0.8449175953865051,0,1,0
STRAUBING,NA,2,3,3,5,1,0.819215714931488,0,0,0
STROUD,NA,NA,1,2,5,0,8.392277717590332,0,0,0
STUTTGART,1483,7,9,13,20,0,1.557306170463562,0,0,0
SUHL,NA,NA,4,4,6,0,127.97589111328125,0,0,0
SUNDERLAND,NA,2,4,5,24,0,7.840803623199463,0,0,0
TAFALLA,NA,NA,2,4,5,0,5.804768085479736,0,0,0
TALAVERA,NA,5,10,5,7,1,63.975250244140625,0,1,0
TAORMINA,NA,4,5,3,3,0,0.3259751498699188,0,0,0
TARANTO,NA,12,17,11,17,0,0.10981769114732742,0,0,0
TARAZONA,NA,NA,3,5,7,0,1.5577067136764526,0,0,0
TARBES,NA,10,9,9,7,0,2.1367881298065186,0,1,0
TARRAGONA,1484,4,4,5,9,0,0.03677862137556076,0,0,0
TARRASA,NA,NA,2,2,4,0,0.7427839636802673,0,0,0
TAUNTON,NA,3,3,2,5,0,20.504100799560547,0,0,0
TAVIRA,NA,7,9,6,7,0,0.6094071865081787,0,0,0
TEMBLEQUE,NA,NA,6,4,5,0,15.198005676269531,0,0,0
TERAMO,NA,3,3,4,5,0,0.4812285900115967,0,0,0
TERMINIIMERESE,NA,6,10,7,14,0,0.5117436051368713,0,0,0
TERNI,NA,NA,5,5,7,0,0.4606564939022064,0,0,0
TERUEL,NA,4,2,2,7,0,31.487152099609375,0,0,0
THETFORD,NA,1,1,2,3,0,6.978761672973633,0,0,0
TIELT,NA,1,2,3,9,0,10.829995155334473,0,0,0
TIENEN,NA,9,4,5,8,0,0.13133539259433746,0,0,0
TINEO,NA,NA,8,4,15,0,46.86034393310547,0,0,0
TIVERTON,NA,3,4,7,7,0,17.744609832763672,0,0,0
TOLEDO,1483,35,57,23,18,1,1.5292470455169678,1,0,0
TOMAR,NA,3,4,4,4,0,0.15392827987670898,0,0,0
TONGEREN,NA,8,6,5,6,0,0.07076603174209595,0,0,0
TORDESILLAS,NA,NA,5,3,3,1,21.107667922973633,0,0,0
TORGAU,NA,3,6,4,5,1,290.3145446777344,0,0,0
TORINO,1474,15,16,40,82,1,0.2042723000049591,0,1,0
TORO,NA,8,9,3,9,1,7.9442877769470215,0,0,0
TORRE-DON-JIMENO,NA,NA,8,3,6,0,6.3277435302734375,0,0,0
TORTONA,NA,5,5,6,8,0,1.5386388301849365,0,0,0
TORTORICI,NA,3,4,2,4,0,13.850003242492676,0,0,0
TORTOSA,1476,5,4,5,10,1,1.167803168296814,0,1,0
TOULON,NA,3,10,25,22,0,31.801830291748047,0,0,0
TOULOUSE,1471,25,30,38,50,1,0.4927627444267273,0,1,1
TOURNAI,NA,35,20,29,21,1,0.2569504380226135,0,1,0
TOURS,1493,60,65,21,13,1,0.006692142225801945,0,0,0
TRANI,NA,6,8,10,14,0,0.2172764539718628,0,0,0
TRAPANI,NA,15,18,20,24,0,0.4599730670452118,0,0,0
TRENTO,1475,NA,NA,NA,7,1,0.013175461441278458,0,0,0
TREVIGLIO,NA,NA,4,4,6,0,5.950183391571045,0,0,0
TREVISO,1471,12,13,11,10,0,7.435149192810059,0,1,0
TRIER,1481,8,5,7,13,1,0.7205860018730164,0,0,0
TRIESTE,NA,5,5,6,25,0,2.124091386795044,0,1,0
TROINA,NA,NA,5,7,7,0,15.02792739868164,0,0,0
TRONDHEIM,NA,1,2,5,9,0,1081.02197265625,0,0,0
TROYES,1483,20,18,16,23,1,2.904202461242676,0,1,0
TRUJILLO,NA,8,8,3,5,0,3.8385534286499023,0,0,0
TUDELA,NA,8,9,8,8,1,8.03477954864502,0,0,0
TUEBINGEN,1488,4,4,4,6,0,6.892024040222168,0,0,0
UBEDA,NA,20,23,10,14,1,6.157375335693359,0,1,0
UDDEVALLA,NA,1,2,2,4,0,804.5010986328125,0,0,0
UDINE,1484,13,10,14,16,0,4.6637396812438965,0,0,0
UEBERLINGEN,NA,3,4,2,3,0,11.062541007995605,0,0,0
UGINE,NA,1,2,2,2,0,0.37638020515441895,0,0,0
ULM,1472,16,21,10,16,1,3.8305342197418213,0,1,0
UNNA,NA,3,5,1,6,0,68.53374481201172,0,0,0
UPPSALA,NA,1,2,3,5,0,1135.3004150390625,0,0,0
URBINO,1493,NA,3,3,7,0,10.939902305603027,0,0,0
UTRECHT,1469,20,25,30,32,1,5.832820892333984,0,1,0
UTRERA,NA,8,13,8,11,0,6.437778949737549,0,0,0
UZES,1493,NA,NA,NA,5,0,0.23738804459571838,0,0,0
VAESTERAS,NA,1,1,3,3,0,1073.3555908203125,0,0,0
VAESTERVIK,NA,1,1,2,3,0,932.06085205078125,0,0,0
VALDEPENAS,NA,NA,7,3,8,0,7.853629112243652,0,0,0
VALENCE,1496,4,4,5,7,1,0.17605732381343842,0,0,0
VALENCIA,1473,42,65,50,80,0,0.7727404832839966,1,1,0
VALENCIENNES,1481,15,30,19,17,1,7.270725727081299,0,1,0
VALENZA,NA,4,5,4,6,1,14.498865127563477,0,0,0
VALLADOLID,1481,30,41,16,20,1,0.8744012117385864,0,0,0
VALLS,NA,NA,3,3,9,0,5.794880390167236,0,0,0
VANNES,NA,5,9,9,9,0,0.06591466069221497,0,0,0
VASTO,NA,NA,4,5,8,0,0.6501621007919312,0,0,0
VELEZ-MALAGA,NA,NA,6,6,16,0,2.375739574432373,0,0,0
VENEZIA,1455,115,151,138,138,0,7.164520740509033,1,1,0
VERCELLI,1485,NA,10,8,16,0,0.013168216682970524,0,0,1
VERDEN,NA,NA,4,4,3,1,232.65309143066406,0,0,0
VERONA,1471,39,54,50,55,1,0.2839229106903076,0,1,0
VERVIERS,NA,NA,4,8,10,0,8.165311813354492,0,0,0
VEURNE,NA,2,2,2,3,0,16.166351318359375,0,0,0
VIANA-DO-CASTELLO,NA,4,6,7,7,0,21.943572998046875,0,0,0
VICARI,NA,2,2,2,5,0,15.636031150817871,0,0,0
VICENZA,1470,21,32,25,28,0,0.8230814337730408,0,1,1
VIENNE,1475,5,7,8,11,1,0.31178951263427734,0,1,0
VIERSEN,NA,2,3,4,5,0,10.2875337600708,0,0,0
VIGEVANO,NA,6,8,8,12,1,1.1332237720489502,0,0,0
VIGO,NA,5,4,1,5,0,8.53757381439209,0,0,0
VILLA-ROBLEDO,NA,NA,8,4,7,1,26.208274841308594,0,0,0
VILLACARRILLO,NA,NA,4,4,5,1,22.81296730041504,0,0,0
VILLAFRANCA-DE-LOS-BARROS,NA,NA,3,2,6,0,5.616840362548828,0,0,0
VILLAJOYOSA,NA,NA,2,2,7,0,0.25119346380233765,0,0,0
VILLALON,NA,NA,3,2,5,0,8.50475788116455,0,0,0
VILLANUEVA-DE-CORDOBA,NA,NA,2,4,5,0,35.24826431274414,0,0,0
VILLANUEVA-DE-LA-JARA,NA,NA,6,2,3,0,17.289382934570312,0,0,0
VILLANUEVA-DE-LA-SERENA,NA,NA,4,3,11,1,10.23076343536377,0,0,0
VILLANUEVA-DE-LOS-INFANTE,NA,NA,8,3,7,0,0.651290774345398,0,0,0
VILLANUEVA-Y-GELTRU,NA,NA,1,2,9,0,12.358388900756836,0,0,0
VILLARREAL,NA,1,2,2,8,0,1.216758131980896,0,0,0
VILLEFRANCHE-DE-ROUERGUE,NA,NA,10,9,7,0,0.30073082447052,0,0,0
VILLENA,NA,NA,4,4,9,0,7.220499515533447,0,0,0
VISBY,NA,3,3,3,4,0,1000.553466796875,0,0,0
VITERBO,1471,12,10,12,13,0,3.576714515686035,0,0,0
VITORIA,NA,NA,5,7,10,0,0.565617024898529,0,1,0
VITRE,NA,NA,8,8,7,0,0.17363567650318146,0,0,0
VIZEU,NA,3,3,4,9,0,7.7431840896606445,0,0,0
VIZZINI,NA,6,9,9,9,0,12.529720306396484,0,0,0
VLISSINGEN,NA,4,6,7,6,0,20.96951675415039,0,0,0
VOGHERA,1473,NA,NA,NA,9,1,0.9456429481506348,0,0,0
VOLTERRA,NA,4,5,3,6,0,30.509262084960938,0,0,0
WAKEFIELD,NA,3,3,2,11,0,10.670980453491211,0,0,0
WARBURG,NA,NA,5,3,2,0,120.0992660522461,0,0,0
WAREGEM,NA,1,1,2,5,0,2.941354990005493,0,0,0
WARWICK,NA,1,3,3,6,0,7.212924480438232,0,0,0
WATERFORD,NA,2,2,6,20,0,194.61029052734375,0,1,0
WEIMAR,NA,2,4,5,6,0,182.026611328125,0,0,0
WEISSENFELS,NA,2,2,4,4,0,232.18019104003906,0,0,0
WELS,NA,NA,5,4,4,0,1.1616679430007935,0,0,0
WESEL,NA,6,6,4,7,1,8.802361488342285,0,0,0
WETZLAR,NA,4,3,3,5,0,18.47693634033203,0,0,0
WEXFORD,NA,4,5,7,10,0,154.10081481933594,0,0,0
WIEN,1482,20,50,114,247,1,0.4343612790107727,1,1,0
WIENERNEUSTADT,NA,6,4,4,7,0,1.7914671897888184,0,0,0
WIESBADEN,NA,NA,1,1,2,1,1.8593330383300781,0,0,0
WINCHESTER,NA,3,3,3,6,0,0.4910314679145813,0,1,0
WINTERTHUR,NA,2,2,3,8,0,2.5038506984710693,0,0,0
WISMAR,NA,9,9,8,7,0,413.7096862792969,0,0,0
WISSEMBOURG,NA,5,4,2,5,0,0.890687882900238,0,0,0
WITTENBERG,NA,2,3,5,7,1,306.04547119140625,0,0,0
WORCESTER,NA,4,6,9,11,1,0.021509574726223946,0,0,0
WORMS,NA,8,10,2,5,1,0.4286510944366455,0,1,0
WUERZBURG,1479,7,10,14,20,1,56.94267272949219,0,1,0
YEPES,NA,NA,8,2,3,0,11.669570922851562,0,0,0
YNIESTA,NA,NA,5,2,3,0,0.08933211117982864,0,0,0
YORK,NA,7,12,12,17,0,0.1609116494655609,0,1,0
ZAMORA,1481,5,8,6,10,1,13.86619758605957,0,1,0
ZARAGOZA,1474,20,26,29,43,1,0.14187799394130707,1,1,0
ZERBST,NA,6,7,6,7,1,281.19122314453125,0,0,0
ZIERIKZEE,NA,4,5,6,6,0,38.80107879638672,0,0,0
ZITTAU,NA,6,6,9,8,0,272.3478698730469,0,0,0
ZUERICH,1480,5,8,8,10,0,0.6512595415115356,0,1,0
ZUTPHEN,NA,5,6,7,7,1,26.608875274658203,0,0,0
ZWEIBRUECKEN,1487,NA,1,3,5,0,4.710435390472412,0,0,0
ZWICKAU,NA,4,6,4,4,0,190.98031616210938,0,0,0
ZWOLLE,1477,7,9,10,12,1,62.515933990478516,0,0,0
